{"practice_player|practice_session": {"Push": {"count": 1, "sum_confidence": 0.9035545587539673, "sum_speed_mps": 5.56532020642119}, "Forehand": {"count": 1, "sum_confidence": 0.4408471882343292, "sum_speed_mps": 1.3841389684392649}, "Block": {"count": 3, "sum_confidence": 2.929512143135071, "sum_speed_mps": 15.911873400032633}, "Chop": {"count": 1, "sum_confidence": 0.8944199085235596, "sum_speed_mps": 5.110178568308548}, "Backhand": {"count": 2, "sum_confidence": 1.9142289757728577, "sum_speed_mps": 5.6169121745857655}}}